,USDA Symbol,Source,URL
109,ASIN,Hanna's Garden Shop,https://www.hannasgardenshop.com/
801,JUVI,Hanna's Garden Shop,https://www.hannasgardenshop.com/
920,MEPI,Hanna's Garden Shop,https://www.hannasgardenshop.com/
1085,PIPA2,Hanna's Garden Shop,https://www.hannasgardenshop.com/
1088,PITA,Hanna's Garden Shop,https://www.hannasgardenshop.com/
1089,PIVI2,Hanna's Garden Shop,https://www.hannasgardenshop.com/
22,AEPA,Recreative Natives,https://www.facebook.com/recreativenatives/
29,AGAL5,Recreative Natives,https://www.facebook.com/recreativenatives/
57,AMFR,Recreative Natives,https://www.facebook.com/recreativenatives/
64,AMTA2,Recreative Natives,https://www.facebook.com/recreativenatives/
75,AQCA,Recreative Natives,https://www.facebook.com/recreativenatives/
92,ARTO3,Recreative Natives,https://www.facebook.com/recreativenatives/
109,ASIN,Recreative Natives,https://www.facebook.com/recreativenatives/
117,ASSY,Recreative Natives,https://www.facebook.com/recreativenatives/
126,ASTR,Recreative Natives,https://www.facebook.com/recreativenatives/
141,BAAU,Recreative Natives,https://www.facebook.com/recreativenatives/
163,BLCI,Recreative Natives,https://www.facebook.com/recreativenatives/
169,BOAS,Recreative Natives,https://www.facebook.com/recreativenatives/
184,CAAM2,Recreative Natives,https://www.facebook.com/recreativenatives/
189,CAFL22,Recreative Natives,https://www.facebook.com/recreativenatives/
307,CEAM,Recreative Natives,https://www.facebook.com/recreativenatives/
316,CEOC2,Recreative Natives,https://www.facebook.com/recreativenatives/
323,CHFA2,Recreative Natives,https://www.facebook.com/recreativenatives/
328,CHLA5,Recreative Natives,https://www.facebook.com/recreativenatives/
357,CLCR,Recreative Natives,https://www.facebook.com/recreativenatives/
361,CLVI5,Recreative Natives,https://www.facebook.com/recreativenatives/
363,CLAL3,Recreative Natives,https://www.facebook.com/recreativenatives/
381,COLA5,Recreative Natives,https://www.facebook.com/recreativenatives/
386,COTR4,Recreative Natives,https://www.facebook.com/recreativenatives/
389,COAM2,Recreative Natives,https://www.facebook.com/recreativenatives/
505,DIVI5,Recreative Natives,https://www.facebook.com/recreativenatives/
520,DRMA4,Recreative Natives,https://www.facebook.com/recreativenatives/
523,ECPA,Recreative Natives,https://www.facebook.com/recreativenatives/
524,ECPU,Recreative Natives,https://www.facebook.com/recreativenatives/
557,ERAN,Recreative Natives,https://www.facebook.com/recreativenatives/
577,EUAM9,Recreative Natives,https://www.facebook.com/recreativenatives/
584,EUPE3,Recreative Natives,https://www.facebook.com/recreativenatives/
599,EUFI14,Recreative Natives,https://www.facebook.com/recreativenatives/
605,FOGA,Recreative Natives,https://www.facebook.com/recreativenatives/
627,GALO3,Recreative Natives,https://www.facebook.com/recreativenatives/
634,GESE,Recreative Natives,https://www.facebook.com/recreativenatives/
659,HAVI4,Recreative Natives,https://www.facebook.com/recreativenatives/
663,HEAM,Recreative Natives,https://www.facebook.com/recreativenatives/
664,HEAU,Recreative Natives,https://www.facebook.com/recreativenatives/
674,HEAN2,Recreative Natives,https://www.facebook.com/recreativenatives/
691,HEHE5,Recreative Natives,https://www.facebook.com/recreativenatives/
700,HICO2,Recreative Natives,https://www.facebook.com/recreativenatives/
701,HIGR4,Recreative Natives,https://www.facebook.com/recreativenatives/
702,HILA2,Recreative Natives,https://www.facebook.com/recreativenatives/
703,HILA6,Recreative Natives,https://www.facebook.com/recreativenatives/
704,HIMO,Recreative Natives,https://www.facebook.com/recreativenatives/
713,HYAR,Recreative Natives,https://www.facebook.com/recreativenatives/
714,HYQU3,Recreative Natives,https://www.facebook.com/recreativenatives/
736,HYPR,Recreative Natives,https://www.facebook.com/recreativenatives/
751,ILOP,Recreative Natives,https://www.facebook.com/recreativenatives/
752,ILVE,Recreative Natives,https://www.facebook.com/recreativenatives/
772,IRVI,Recreative Natives,https://www.facebook.com/recreativenatives/
773,ITVI,Recreative Natives,https://www.facebook.com/recreativenatives/
835,LEAX,Recreative Natives,https://www.facebook.com/recreativenatives/
846,LISP,Recreative Natives,https://www.facebook.com/recreativenatives/
857,LIBE3,Recreative Natives,https://www.facebook.com/recreativenatives/
877,LOSE,Recreative Natives,https://www.facebook.com/recreativenatives/
908,MAVI2,Recreative Natives,https://www.facebook.com/recreativenatives/
936,MOPU,Recreative Natives,https://www.facebook.com/recreativenatives/
988,OSCI,Recreative Natives,https://www.facebook.com/recreativenatives/
1002,PAOB6,Recreative Natives,https://www.facebook.com/recreativenatives/
1075,PHOP,Recreative Natives,https://www.facebook.com/recreativenatives/
1145,PRSE2,Recreative Natives,https://www.facebook.com/recreativenatives/
1153,PYIN,Recreative Natives,https://www.facebook.com/recreativenatives/
1154,PYMU,Recreative Natives,https://www.facebook.com/recreativenatives/
1155,PYTE,Recreative Natives,https://www.facebook.com/recreativenatives/
1161,QUCO2,Recreative Natives,https://www.facebook.com/recreativenatives/
1178,QUPH,Recreative Natives,https://www.facebook.com/recreativenatives/
1198,RAPI,Recreative Natives,https://www.facebook.com/recreativenatives/
1203,RHAL5,Recreative Natives,https://www.facebook.com/recreativenatives/
1204,RHAR3,Recreative Natives,https://www.facebook.com/recreativenatives/
1206,RHCA4,Recreative Natives,https://www.facebook.com/recreativenatives/
1207,RHCA7,Recreative Natives,https://www.facebook.com/recreativenatives/
1214,RHVI2,Recreative Natives,https://www.facebook.com/recreativenatives/
1242,ROPA,Recreative Natives,https://www.facebook.com/recreativenatives/
1254,RUFU2,Recreative Natives,https://www.facebook.com/recreativenatives/
1255,RUHI2,Recreative Natives,https://www.facebook.com/recreativenatives/
1268,SAAN,Recreative Natives,https://www.facebook.com/recreativenatives/
1285,SACO5,Recreative Natives,https://www.facebook.com/recreativenatives/
1305,SCSC,Recreative Natives,https://www.facebook.com/recreativenatives/
1319,SETE3,Recreative Natives,https://www.facebook.com/recreativenatives/
1342,SIRE2,Recreative Natives,https://www.facebook.com/recreativenatives/
1354,SIAL3,Recreative Natives,https://www.facebook.com/recreativenatives/
1381,SOJU,Recreative Natives,https://www.facebook.com/recreativenatives/
1431,STAM4,Recreative Natives,https://www.facebook.com/recreativenatives/
1445,SYOB,Recreative Natives,https://www.facebook.com/recreativenatives/
1448,SYPA11,Recreative Natives,https://www.facebook.com/recreativenatives/
1467,TECA3,Recreative Natives,https://www.facebook.com/recreativenatives/
1552,VEHA2,Recreative Natives,https://www.facebook.com/recreativenatives/
1570,VEVI4,Recreative Natives,https://www.facebook.com/recreativenatives/
1572,VIDE,Recreative Natives,https://www.facebook.com/recreativenatives/
1610,WIFR,Recreative Natives,https://www.facebook.com/recreativenatives/
6,ACRU,Ruffner Mountain Nature Preserve,http://ruffnermountain.org/
7,ACSA2,Ruffner Mountain Nature Preserve,http://ruffnermountain.org/
8,ACSA3,Ruffner Mountain Nature Preserve,http://ruffnermountain.org/
21,AEPA2,Ruffner Mountain Nature Preserve,http://ruffnermountain.org/
64,AMTA2,Ruffner Mountain Nature Preserve,http://ruffnermountain.org/
65,ANGE,Ruffner Mountain Nature Preserve,http://ruffnermountain.org/
72,APAM,Ruffner Mountain Nature Preserve,http://ruffnermountain.org/
119,ASTU,Ruffner Mountain Nature Preserve,http://ruffnermountain.org/
126,ASTR,Ruffner Mountain Nature Preserve,http://ruffnermountain.org/
141,BAAU,Ruffner Mountain Nature Preserve,http://ruffnermountain.org/
149,BENI,Ruffner Mountain Nature Preserve,http://ruffnermountain.org/
162,BICA,Ruffner Mountain Nature Preserve,http://ruffnermountain.org/
173,BOCU,Ruffner Mountain Nature Preserve,http://ruffnermountain.org/
184,CAAM2,Ruffner Mountain Nature Preserve,http://ruffnermountain.org/
189,CAFL22,Ruffner Mountain Nature Preserve,http://ruffnermountain.org/
231,CAFL3,Ruffner Mountain Nature Preserve,http://ruffnermountain.org/
246,CALA18,Ruffner Mountain Nature Preserve,http://ruffnermountain.org/
286,CAVU2,Ruffner Mountain Nature Preserve,http://ruffnermountain.org/
293,CAGL8,Ruffner Mountain Nature Preserve,http://ruffnermountain.org/
298,CAOV2,Ruffner Mountain Nature Preserve,http://ruffnermountain.org/
316,CEOC2,Ruffner Mountain Nature Preserve,http://ruffnermountain.org/
323,CHFA2,Ruffner Mountain Nature Preserve,http://ruffnermountain.org/
328,CHLA5,Ruffner Mountain Nature Preserve,http://ruffnermountain.org/
330,CHSE2,Ruffner Mountain Nature Preserve,http://ruffnermountain.org/
331,CHGL2,Ruffner Mountain Nature Preserve,http://ruffnermountain.org/
361,CLVI5,Ruffner Mountain Nature Preserve,http://ruffnermountain.org/
375,COCO13,Ruffner Mountain Nature Preserve,http://ruffnermountain.org/
378,COAU,Ruffner Mountain Nature Preserve,http://ruffnermountain.org/
380,COGR5,Ruffner Mountain Nature Preserve,http://ruffnermountain.org/
381,COLA5,Ruffner Mountain Nature Preserve,http://ruffnermountain.org/
384,COPU2,Ruffner Mountain Nature Preserve,http://ruffnermountain.org/
389,COAM2,Ruffner Mountain Nature Preserve,http://ruffnermountain.org/
392,COFL2,Ruffner Mountain Nature Preserve,http://ruffnermountain.org/
393,COFO,Ruffner Mountain Nature Preserve,http://ruffnermountain.org/
469,DEFL,Ruffner Mountain Nature Preserve,http://ruffnermountain.org/
490,DICL,Ruffner Mountain Nature Preserve,http://ruffnermountain.org/
505,DIVI5,Ruffner Mountain Nature Preserve,http://ruffnermountain.org/
511,DOME,Ruffner Mountain Nature Preserve,http://ruffnermountain.org/
524,ECPU,Ruffner Mountain Nature Preserve,http://ruffnermountain.org/
542,ELHY,Ruffner Mountain Nature Preserve,http://ruffnermountain.org/
545,ELVI3,Ruffner Mountain Nature Preserve,http://ruffnermountain.org/
553,ERSP,Ruffner Mountain Nature Preserve,http://ruffnermountain.org/
570,ERYU,Ruffner Mountain Nature Preserve,http://ruffnermountain.org/
577,EUAM9,Ruffner Mountain Nature Preserve,http://ruffnermountain.org/
599,EUFI14,Ruffner Mountain Nature Preserve,http://ruffnermountain.org/
634,GESE,Ruffner Mountain Nature Preserve,http://ruffnermountain.org/
659,HAVI4,Ruffner Mountain Nature Preserve,http://ruffnermountain.org/
663,HEAM,Ruffner Mountain Nature Preserve,http://ruffnermountain.org/
664,HEAU,Ruffner Mountain Nature Preserve,http://ruffnermountain.org/
674,HEAN2,Ruffner Mountain Nature Preserve,http://ruffnermountain.org/
683,HEMA2,Ruffner Mountain Nature Preserve,http://ruffnermountain.org/
691,HEHE5,Ruffner Mountain Nature Preserve,http://ruffnermountain.org/
694,HESU3,Ruffner Mountain Nature Preserve,http://ruffnermountain.org/
699,HIAC,Ruffner Mountain Nature Preserve,http://ruffnermountain.org/
701,HIGR4,Ruffner Mountain Nature Preserve,http://ruffnermountain.org/
703,HILA6,Ruffner Mountain Nature Preserve,http://ruffnermountain.org/
704,HIMO,Ruffner Mountain Nature Preserve,http://ruffnermountain.org/
714,HYQU3,Ruffner Mountain Nature Preserve,http://ruffnermountain.org/
746,ILDE,Ruffner Mountain Nature Preserve,http://ruffnermountain.org/
754,ILFL,Ruffner Mountain Nature Preserve,http://ruffnermountain.org/
773,ITVI,Ruffner Mountain Nature Preserve,http://ruffnermountain.org/
778,JUNI,Ruffner Mountain Nature Preserve,http://ruffnermountain.org/
789,JUEF,Ruffner Mountain Nature Preserve,http://ruffnermountain.org/
797,JUTE,Ruffner Mountain Nature Preserve,http://ruffnermountain.org/
843,LIMI7,Ruffner Mountain Nature Preserve,http://ruffnermountain.org/
846,LISP,Ruffner Mountain Nature Preserve,http://ruffnermountain.org/
857,LIBE3,Ruffner Mountain Nature Preserve,http://ruffnermountain.org/
864,LITU,Ruffner Mountain Nature Preserve,http://ruffnermountain.org/
868,LOCA2,Ruffner Mountain Nature Preserve,http://ruffnermountain.org/
874,LOSI,Ruffner Mountain Nature Preserve,http://ruffnermountain.org/
877,LOSE,Ruffner Mountain Nature Preserve,http://ruffnermountain.org/
893,LYVI4,Ruffner Mountain Nature Preserve,http://ruffnermountain.org/
914,MAVI5,Ruffner Mountain Nature Preserve,http://ruffnermountain.org/
929,MIRE,Ruffner Mountain Nature Preserve,http://ruffnermountain.org/
934,MOFI,Ruffner Mountain Nature Preserve,http://ruffnermountain.org/
936,MOPU,Ruffner Mountain Nature Preserve,http://ruffnermountain.org/
940,MOCE2,Ruffner Mountain Nature Preserve,http://ruffnermountain.org/
966,OEFR,Ruffner Mountain Nature Preserve,http://ruffnermountain.org/
978,ONSE,Ruffner Mountain Nature Preserve,http://ruffnermountain.org/
989,OSCL2,Ruffner Mountain Nature Preserve,http://ruffnermountain.org/
990,OSRE,Ruffner Mountain Nature Preserve,http://ruffnermountain.org/
996,OXAR,Ruffner Mountain Nature Preserve,http://ruffnermountain.org/
1005,PACA6,Ruffner Mountain Nature Preserve,http://ruffnermountain.org/
1009,PAVI2,Ruffner Mountain Nature Preserve,http://ruffnermountain.org/
1024,PALU2,Ruffner Mountain Nature Preserve,http://ruffnermountain.org/
1028,PECA7,Ruffner Mountain Nature Preserve,http://ruffnermountain.org/
1030,PEDI,Ruffner Mountain Nature Preserve,http://ruffnermountain.org/
1091,PIGR4,Ruffner Mountain Nature Preserve,http://ruffnermountain.org/
1103,PLOC,Ruffner Mountain Nature Preserve,http://ruffnermountain.org/
1122,POAC4,Ruffner Mountain Nature Preserve,http://ruffnermountain.org/
1145,PRSE2,Ruffner Mountain Nature Preserve,http://ruffnermountain.org/
1152,PYFL,Ruffner Mountain Nature Preserve,http://ruffnermountain.org/
1153,PYIN,Ruffner Mountain Nature Preserve,http://ruffnermountain.org/
1154,PYMU,Ruffner Mountain Nature Preserve,http://ruffnermountain.org/
1155,PYTE,Ruffner Mountain Nature Preserve,http://ruffnermountain.org/
1156,PYVI,Ruffner Mountain Nature Preserve,http://ruffnermountain.org/
1158,QUAL,Ruffner Mountain Nature Preserve,http://ruffnermountain.org/
1162,QUFA,Ruffner Mountain Nature Preserve,http://ruffnermountain.org/
1172,QUMI,Ruffner Mountain Nature Preserve,http://ruffnermountain.org/
1173,QUMO4,Ruffner Mountain Nature Preserve,http://ruffnermountain.org/
1176,QUNI,Ruffner Mountain Nature Preserve,http://ruffnermountain.org/
1178,QUPH,Ruffner Mountain Nature Preserve,http://ruffnermountain.org/
1182,QUSH,Ruffner Mountain Nature Preserve,http://ruffnermountain.org/
1183,QUST,Ruffner Mountain Nature Preserve,http://ruffnermountain.org/
1184,QUTE,Ruffner Mountain Nature Preserve,http://ruffnermountain.org/
1185,QUVE,Ruffner Mountain Nature Preserve,http://ruffnermountain.org/
1198,RAPI,Ruffner Mountain Nature Preserve,http://ruffnermountain.org/
1215,RHAR4,Ruffner Mountain Nature Preserve,http://ruffnermountain.org/
1217,RHGL,Ruffner Mountain Nature Preserve,http://ruffnermountain.org/
1242,ROPA,Ruffner Mountain Nature Preserve,http://ruffnermountain.org/
1254,RUFU2,Ruffner Mountain Nature Preserve,http://ruffnermountain.org/
1255,RUHI2,Ruffner Mountain Nature Preserve,http://ruffnermountain.org/
1256,RULA3,Ruffner Mountain Nature Preserve,http://ruffnermountain.org/
1258,RUTR2,Ruffner Mountain Nature Preserve,http://ruffnermountain.org/
1259,RUCA4,Ruffner Mountain Nature Preserve,http://ruffnermountain.org/
1260,RUHU,Ruffner Mountain Nature Preserve,http://ruffnermountain.org/
1287,SANI4,Ruffner Mountain Nature Preserve,http://ruffnermountain.org/
1302,SAAL5,Ruffner Mountain Nature Preserve,http://ruffnermountain.org/
1305,SCSC,Ruffner Mountain Nature Preserve,http://ruffnermountain.org/
1348,SIIN2,Ruffner Mountain Nature Preserve,http://ruffnermountain.org/
1350,SIPE2,Ruffner Mountain Nature Preserve,http://ruffnermountain.org/
1355,SIAN3,Ruffner Mountain Nature Preserve,http://ruffnermountain.org/
1376,SOER,Ruffner Mountain Nature Preserve,http://ruffnermountain.org/
1384,SOOD,Ruffner Mountain Nature Preserve,http://ruffnermountain.org/
1390,SORU2,Ruffner Mountain Nature Preserve,http://ruffnermountain.org/
1392,SOSP2,Ruffner Mountain Nature Preserve,http://ruffnermountain.org/
1398,SONU2,Ruffner Mountain Nature Preserve,http://ruffnermountain.org/
1440,SYLA3,Ruffner Mountain Nature Preserve,http://ruffnermountain.org/
1442,SYLA4,Ruffner Mountain Nature Preserve,http://ruffnermountain.org/
1444,SYNO2,Ruffner Mountain Nature Preserve,http://ruffnermountain.org/
1445,SYOB,Ruffner Mountain Nature Preserve,http://ruffnermountain.org/
1463,TADI2,Ruffner Mountain Nature Preserve,http://ruffnermountain.org/
1511,TRDA3,Ruffner Mountain Nature Preserve,http://ruffnermountain.org/
1558,VEAL,Ruffner Mountain Nature Preserve,http://ruffnermountain.org/
1562,VEVI3,Ruffner Mountain Nature Preserve,http://ruffnermountain.org/
1563,VEAN,Ruffner Mountain Nature Preserve,http://ruffnermountain.org/
1564,VEGI,Ruffner Mountain Nature Preserve,http://ruffnermountain.org/
1572,VIDE,Ruffner Mountain Nature Preserve,http://ruffnermountain.org/
1574,VINU,Ruffner Mountain Nature Preserve,http://ruffnermountain.org/
1576,VIPR,Ruffner Mountain Nature Preserve,http://ruffnermountain.org/
1579,VIRU,Ruffner Mountain Nature Preserve,http://ruffnermountain.org/
1627,ZIAU,Ruffner Mountain Nature Preserve,http://ruffnermountain.org/
6,ACRU,The Wildlife Group,http://www.wildlifegroup.com
149,BENI,The Wildlife Group,http://www.wildlifegroup.com
302,CAPU9,The Wildlife Group,http://www.wildlifegroup.com
304,CABI8,The Wildlife Group,http://www.wildlifegroup.com
392,COFL2,The Wildlife Group,http://www.wildlifegroup.com
505,DIVI5,The Wildlife Group,http://www.wildlifegroup.com
577,EUAM9,The Wildlife Group,http://www.wildlifegroup.com
801,JUVI,The Wildlife Group,http://www.wildlifegroup.com
906,MAGR4,The Wildlife Group,http://www.wildlifegroup.com
942,MORU2,The Wildlife Group,http://www.wildlifegroup.com
1140,PRAN3,The Wildlife Group,http://www.wildlifegroup.com
1143,PRME,The Wildlife Group,http://www.wildlifegroup.com
1158,QUAL,The Wildlife Group,http://www.wildlifegroup.com
1159,QUBI,The Wildlife Group,http://www.wildlifegroup.com
1161,QUCO2,The Wildlife Group,http://www.wildlifegroup.com
1169,QULY,The Wildlife Group,http://www.wildlifegroup.com
1170,QUMA2,The Wildlife Group,http://www.wildlifegroup.com
1172,QUMI,The Wildlife Group,http://www.wildlifegroup.com
1173,QUMO4,The Wildlife Group,http://www.wildlifegroup.com
1174,QUMU,The Wildlife Group,http://www.wildlifegroup.com
1176,QUNI,The Wildlife Group,http://www.wildlifegroup.com
1177,QUPA5,The Wildlife Group,http://www.wildlifegroup.com
1178,QUPH,The Wildlife Group,http://www.wildlifegroup.com
1181,QURU,The Wildlife Group,http://www.wildlifegroup.com
1182,QUSH,The Wildlife Group,http://www.wildlifegroup.com
1186,QUVI,The Wildlife Group,http://www.wildlifegroup.com
1463,TADI2,The Wildlife Group,http://www.wildlifegroup.com
1606,VIRO3,The Wildlife Group,http://www.wildlifegroup.com
6,ACRU,Thurlow Tree Nursery,https://thurlowtreenursery.com/
149,BENI,Thurlow Tree Nursery,https://thurlowtreenursery.com/
601,FAGR,Thurlow Tree Nursery,https://thurlowtreenursery.com/
1085,PIPA2,Thurlow Tree Nursery,https://thurlowtreenursery.com/
1088,PITA,Thurlow Tree Nursery,https://thurlowtreenursery.com/
1089,PIVI2,Thurlow Tree Nursery,https://thurlowtreenursery.com/
1158,QUAL,Thurlow Tree Nursery,https://thurlowtreenursery.com/
1169,QULY,Thurlow Tree Nursery,https://thurlowtreenursery.com/
1178,QUPH,Thurlow Tree Nursery,https://thurlowtreenursery.com/
1184,QUTE,Thurlow Tree Nursery,https://thurlowtreenursery.com/
1186,QUVI,Thurlow Tree Nursery,https://thurlowtreenursery.com/
1463,TADI2,Thurlow Tree Nursery,https://thurlowtreenursery.com/
